player_id,player_name,event_id,event_date,score,rank,points,event_pr,season,tier
1,GC3,Pre-Season - Event 1,05/31/2025,-21,1,25,1038,0,1Premier
2,Punchshot,Pre-Season - Event 1,05/31/2025,-18,2,18,1008,0,1Premier
3,Skoljets,Pre-Season - Event 1,05/31/2025,-16,3,15,988,0,1Premier
4,Pretty,Pre-Season - Event 1,05/31/2025,-16,3,15,988,0,1Premier
5,Big Mike,Pre-Season - Event 1,05/31/2025,-14,5,10,968,0,1Premier
6,Dailafin,Pre-Season - Event 1,05/31/2025,-13,6,8,958,0,1Premier
7,Orangeman,Pre-Season - Event 1,05/31/2025,-9,7,6,918,0,1Premier
8,Quirkey,Pre-Season - Event 1,05/31/2025,-4,8,4,868,0,1Premier
9,Wakenbake,Pre-Season - Event 1,05/31/2025,-4,8,4,868,0,1Premier
10,Mighty,Pre-Season - Event 1,05/31/2025,3,10,1,798,0,1Premier
11,bigwhit,Pre-Season - Event 1,05/31/2025,5,11,0,778,0,1Premier
12,jtobin,Pre-Season - Event 1,05/31/2025,6,12,0,768,0,1Premier
13,Stikky,Pre-Season - Event 1,05/31/2025,7,13,0,758,0,1Premier
2,Punchshot,Pre-Season - Event 2,06/03/2025,-39,1,25,1052,0,1Premier
21,Iselus,Pre-Season - Event 2,06/03/2025,-38,2,18,1042,0,1Premier
14,FUT1235,Pre-Season - Event 2,06/03/2025,-32,3,15,982,0,1Premier
1,GC3,Pre-Season - Event 2,06/03/2025,-31,4,12,972,0,1Premier
4,Pretty,Pre-Season - Event 2,06/03/2025,-30,5,10,962,0,1Premier
15,healy,Pre-Season - Event 2,06/03/2025,-30,5,10,962,0,1Premier
22,OXI,Pre-Season - Event 2,06/03/2025,-29,7,6,952,0,1Premier
5,Big Mike,Pre-Season - Event 2,06/03/2025,-25,8,4,912,0,1Premier
16,FLUID,Pre-Season - Event 2,06/03/2025,-24,9,2,902,0,1Premier
3,Skoljets,Pre-Season - Event 2,06/03/2025,-23,10,1,892,0,1Premier
8,Quirkey,Pre-Season - Event 2,06/03/2025,-22,11,0,882,0,1Premier
17,Murfster,Pre-Season - Event 2,06/03/2025,-22,11,0,882,0,1Premier
7,Orangeman,Pre-Season - Event 2,06/03/2025,-21,13,0,872,0,1Premier
6,Dailafin,Pre-Season - Event 2,06/03/2025,-20,14,0,862,0,1Premier
13,Stikky,Pre-Season - Event 2,06/03/2025,-20,14,0,862,0,1Premier
18,TTownAlabama,Pre-Season - Event 2,06/03/2025,-20,14,0,862,0,1Premier
23,micmac,Pre-Season - Event 2,06/03/2025,-19,17,0,852,0,1Premier
9,Wakenbake,Pre-Season - Event 2,06/03/2025,-18,18,0,842,0,1Premier
11,bigwhit,Pre-Season - Event 2,06/03/2025,-17,19,0,832,0,1Premier
20,Exposed,Pre-Season - Event 2,06/03/2025,-15,20,0,812,0,1Premier
24,sirsmokesalot,Pre-Season - Event 2,06/03/2025,-4,21,0,702,0,1Premier
2,Punchshot,Pre-Season - Event 3,06/06/2025,-18,1,25,1052,0,1Premier
1,GC3,Pre-Season - Event 3,06/06/2025,-12,2,18,992,0,1Premier
4,Pretty,Pre-Season - Event 3,06/06/2025,-5,7,6,922,0,1Premier
3,Skoljets,Pre-Season - Event 3,06/06/2025,-6,5,10,932,0,1Premier
22,OXI,Pre-Season - Event 3,06/06/2025,-9,3,15,962,0,1Premier
5,Big Mike,Pre-Season - Event 3,06/06/2025,-5,7,6,922,0,1Premier
14,FUT1235,Pre-Season - Event 3,06/06/2025,-4,10,1,912,0,1Premier
7,Orangeman,Pre-Season - Event 3,06/06/2025,-6,5,10,932,0,1Premier
26,danielrailling,Pre-Season - Event 3,06/06/2025,-9,3,15,962,0,1Premier
15,healy,Pre-Season - Event 3,06/06/2025,-4,10,1,912,0,1Premier
6,Dailafin,Pre-Season - Event 3,06/06/2025,5,19,0,822,0,1Premier
25,Wheelman,Pre-Season - Event 3,06/06/2025,-5,7,6,922,0,1Premier
8,Quirkey,Pre-Season - Event 3,06/06/2025,-1,14,0,882,0,1Premier
16,FLUID,Pre-Season - Event 3,06/06/2025,-4,10,1,912,0,1Premier
10,Mighty,Pre-Season - Event 3,06/06/2025,3,17,0,842,0,1Premier
17,Murfster,Pre-Season - Event 3,06/06/2025,-2,13,0,892,0,1Premier
19,Diallur,Pre-Season - Event 3,06/06/2025,-1,14,0,882,0,1Premier
18,TTownAlabama,Pre-Season - Event 3,06/06/2025,-1,14,0,882,0,1Premier
11,bigwhit,Pre-Season - Event 3,06/06/2025,4,18,0,832,0,1Premier
20,Exposed,Pre-Season - Event 3,06/06/2025,6,20,0,812,0,1Premier
13,Stikky,Pre-Season - Event 3,06/06/2025,16,21,0,712,0,1Premier
2,Punchshot,Season 1 - Event 1,06/09/2025,-30,1,25,1059,1,1Premier
22,OXI,Season 1 - Event 1,06/09/2025,-23,2,18,989,1,1Premier
4,Pretty,Season 1 - Event 1,06/09/2025,-22,3,15,979,1,1Premier
21,Iselus,Season 1 - Event 1,06/09/2025,-22,3,15,979,1,1Premier
1,GC3,Season 1 - Event 1,06/09/2025,-21,5,10,969,1,1Premier
3,Skoljets,Season 1 - Event 1,06/09/2025,-20,6,8,959,1,1Premier
5,Big Mike,Season 1 - Event 1,06/09/2025,-20,6,8,959,1,1Premier
15,healy,Season 1 - Event 1,06/09/2025,-15,8,4,909,1,1Premier
25,Wheelman,Season 1 - Event 1,06/09/2025,-15,8,4,909,1,1Premier
14,FUT1235,Season 1 - Event 1,06/09/2025,-14,10,1,899,1,1Premier
16,FLUID,Season 1 - Event 1,06/09/2025,-11,11,0,869,1,1Premier
6,Dailafin,Season 1 - Event 1,06/09/2025,-10,12,0,859,1,1Premier
7,Orangeman,Season 1 - Event 1,06/09/2025,-3,13,0,789,1,1Premier
8,Quirkey,Season 1 - Event 1,06/09/2025,-1,14,0,769,1,1Premier
10,Mighty,Season 1 - Event 1,06/09/2025,-25,1,25,1009,1,2Championship
17,Murfster,Season 1 - Event 1,06/09/2025,-21,2,18,969,1,2Championship
23,micmac,Season 1 - Event 1,06/09/2025,-16,3,15,919,1,2Championship
18,TTownAlabama,Season 1 - Event 1,06/09/2025,-15,4,12,909,1,2Championship
20,Exposed,Season 1 - Event 1,06/09/2025,-9,5,10,848,1,2Championship
12,jtobin,Season 1 - Event 1,06/09/2025,4,6,8,718,1,2Championship
3,Skoljets,Season 1 - Event 2,06/12/2025,-18,1,25,1061,1,1Premier
2,Punchshot,Season 1 - Event 2,06/12/2025,-16,2,18,1041,1,1Premier
4,Pretty,Season 1 - Event 2,06/12/2025,-14,3,15,1021,1,1Premier
14,FUT1235,Season 1 - Event 2,06/12/2025,-13,4,12,1011,1,1Premier
6,Dailafin,Season 1 - Event 2,06/12/2025,-13,4,12,1011,1,1Premier
22,OXI,Season 1 - Event 2,06/12/2025,-8,6,8,961,1,1Premier
5,Big Mike,Season 1 - Event 2,06/12/2025,-8,6,8,961,1,1Premier
8,Quirkey,Season 1 - Event 2,06/12/2025,-8,6,8,961,1,1Premier
1,GC3,Season 1 - Event 2,06/12/2025,-5,9,2,931,1,1Premier
7,Orangeman,Season 1 - Event 2,06/12/2025,0,10,1,880,1,1Premier
16,FLUID,Season 1 - Event 2,06/12/2025,7,11,0,810,1,1Premier
28,Laffy,Season 1 - Event 2,06/12/2025,-18,1,25,1061,1,2Championship
29,Jox,Season 1 - Event 2,06/12/2025,-3,2,18,911,1,2Championship
17,Murfster,Season 1 - Event 2,06/12/2025,-2,3,15,900,1,2Championship
30,MattyIce,Season 1 - Event 2,06/12/2025,-2,3,15,900,1,2Championship
10,Mighty,Season 1 - Event 2,06/12/2025,3,5,10,850,1,2Championship
20,Exposed,Season 1 - Event 2,06/12/2025,4,6,8,840,1,2Championship
11,bigwhit,Season 1 - Event 2,06/12/2025,13,7,6,750,1,2Championship
31,StonyQueso,Season 1 - Event 2,06/12/2025,15,8,4,730,1,2Championship
13,Stikky,Season 1 - Event 2,06/12/2025,35,9,2,530,1,2Championship
4,Pretty,Season 1 - Event 3,06/15/2025,-35,1,25,1012,1,1Premier
2,Punchshot,Season 1 - Event 3,06/15/2025,-34,2,18,1002,1,1Premier
22,OXI,Season 1 - Event 3,06/15/2025,-33,3,15,992,1,1Premier
3,Skoljets,Season 1 - Event 3,06/15/2025,-32,4,12,982,1,1Premier
1,GC3,Season 1 - Event 3,06/15/2025,-31,5,10,972,1,1Premier
25,Wheelman,Season 1 - Event 3,06/15/2025,-30,6,8,962,1,1Premier
5,Big Mike,Season 1 - Event 3,06/15/2025,-28,7,6,942,1,1Premier
21,Iselus,Season 1 - Event 3,06/15/2025,-28,7,6,942,1,1Premier
7,Orangeman,Season 1 - Event 3,06/15/2025,-27,9,2,932,1,1Premier
15,healy,Season 1 - Event 3,06/15/2025,-23,10,1,892,1,1Premier
16,FLUID,Season 1 - Event 3,06/15/2025,-23,10,1,892,1,1Premier
9,Wakenbake,Season 1 - Event 3,06/15/2025,-23,10,1,892,1,1Premier
6,Dailafin,Season 1 - Event 3,06/15/2025,-14,13,0,802,1,1Premier
8,Quirkey,Season 1 - Event 3,06/15/2025,-8,14,0,742,1,1Premier
32,Nashty,Season 1 - Event 3,06/15/2025,-31,1,25,972,1,2Championship
30,MattyIce,Season 1 - Event 3,06/15/2025,-24,2,18,902,1,2Championship
17,Murfster,Season 1 - Event 3,06/15/2025,-24,2,18,902,1,2Championship
20,Exposed,Season 1 - Event 3,06/15/2025,-20,4,12,862,1,2Championship
23,micmac,Season 1 - Event 3,06/15/2025,-20,4,12,862,1,2Championship
10,Mighty,Season 1 - Event 3,06/15/2025,-20,4,12,862,1,2Championship
11,bigwhit,Season 1 - Event 3,06/15/2025,-18,7,6,842,1,2Championship
31,StonyQueso,Season 1 - Event 3,06/15/2025,-13,8,4,792,1,2Championship
12,jtobin,Season 1 - Event 3,06/15/2025,-11,9,2,772,1,2Championship
33,Bethany,Season 1 - Event 3,06/15/2025,-10,10,1,762,1,2Championship
34,KeeganP21,Season 1 - Event 3,06/15/2025,-33,1,25,992,1,3League One
2,Punchshot,Season 1 - Event 4,06/18/2025,-37,1,25,1030,1,1Premier
4,Pretty,Season 1 - Event 4,06/18/2025,-31,2,18,970,1,1Premier
3,Skoljets,Season 1 - Event 4,06/18/2025,-29,3,15,950,1,1Premier
22,OXI,Season 1 - Event 4,06/18/2025,-28,4,12,940,1,1Premier
14,FUT1235,Season 1 - Event 4,06/18/2025,-27,5,10,930,1,1Premier
25,Wheelman,Season 1 - Event 4,06/18/2025,-26,6,8,920,1,1Premier
15,healy,Season 1 - Event 4,06/18/2025,-26,6,8,920,1,1Premier
6,Dailafin,Season 1 - Event 4,06/18/2025,-26,6,8,920,1,1Premier
5,Big Mike,Season 1 - Event 4,06/18/2025,-23,9,2,890,1,1Premier
7,Orangeman,Season 1 - Event 4,06/18/2025,-16,10,1,820,1,1Premier
30,MattyIce,Season 1 - Event 4,06/18/2025,-29,1,25,950,1,2Championship
32,Nashty,Season 1 - Event 4,06/18/2025,-28,2,18,940,1,2Championship
10,Mighty,Season 1 - Event 4,06/18/2025,-25,3,15,910,1,2Championship
20,Exposed,Season 1 - Event 4,06/18/2025,-24,4,12,900,1,2Championship
17,Murfster,Season 1 - Event 4,06/18/2025,-23,5,10,890,1,2Championship
11,bigwhit,Season 1 - Event 4,06/18/2025,-17,6,8,830,1,2Championship
13,Stikky,Season 1 - Event 4,06/18/2025,-17,6,8,830,1,2Championship
23,micmac,Season 1 - Event 4,06/18/2025,-14,8,4,800,1,2Championship
19,SammySlips,Season 1 - Event 4,06/18/2025,-22,2,18,880,1,2Championship
35,bighen,Season 1 - Event 4,06/18/2025,-30,1,25,960,1,3League One
37,Veinreaper,Season 1 - Event 4,06/18/2025,-21,3,15,870,1,3League One
3,Skoljets,Season 1 - Event 5,06/21/2025,-29,1,25,1053,1,1Premier
4,Pretty,Season 1 - Event 5,06/21/2025,-25,2,18,1013,1,1Premier
1,GC3,Season 1 - Event 5,06/21/2025,-22,3,15,983,1,1Premier
15,healy,Season 1 - Event 5,06/21/2025,-19,4,12,953,1,1Premier
5,Big Mike,Season 1 - Event 5,06/21/2025,-16,5,10,923,1,1Premier
25,Wheelman,Season 1 - Event 5,06/21/2025,-15,6,8,913,1,1Premier
22,OXI,Season 1 - Event 5,06/21/2025,-14,7,6,903,1,1Premier
21,Iselus,Season 1 - Event 5,06/21/2025,-13,8,4,893,1,1Premier
8,Quirkey,Season 1 - Event 5,06/21/2025,-10,9,2,863,1,1Premier
32,Nashty,Season 1 - Event 5,06/21/2025,-25,1,25,1013,1,2Championship
20,Exposed,Season 1 - Event 5,06/21/2025,-16,2,18,923,1,2Championship
30,MattyIce,Season 1 - Event 5,06/21/2025,-13,3,15,893,1,2Championship
17,Murfster,Season 1 - Event 5,06/21/2025,-9,4,12,853,1,2Championship
23,micmac,Season 1 - Event 5,06/21/2025,-8,5,10,843,1,2Championship
11,bigwhit,Season 1 - Event 5,06/21/2025,-4,6,8,803,1,2Championship
12,jtobin,Season 1 - Event 5,06/21/2025,7,7,6,693,1,2Championship
38,daddywetwork,Season 1 - Event 5,06/21/2025,-18,1,25,943,1,3League One
3,Skoljets,Season 1 - Event 6,06/24/2025,-30,1,25,999,1,1Premier
22,OXI,Season 1 - Event 6,06/24/2025,-27,2,18,969,1,1Premier
14,FUT1235,Season 1 - Event 6,06/24/2025,-26,3,15,959,1,1Premier
4,Pretty,Season 1 - Event 6,06/24/2025,-25,4,12,949,1,1Premier
15,healy,Season 1 - Event 6,06/24/2025,-23,5,10,929,1,1Premier
8,Quirkey,Season 1 - Event 6,06/24/2025,-23,5,10,929,1,1Premier
6,Dailafin,Season 1 - Event 6,06/24/2025,-22,7,6,919,1,1Premier
16,FLUID,Season 1 - Event 6,06/24/2025,-15,8,4,849,1,1Premier
30,MattyIce,Season 1 - Event 6,06/24/2025,-26,1,25,959,1,2Championship
10,Mighty,Season 1 - Event 6,06/24/2025,-20,2,18,899,1,2Championship
20,Exposed,Season 1 - Event 6,06/24/2025,-19,3,15,889,1,2Championship
23,micmac,Season 1 - Event 6,06/24/2025,-19,3,15,889,1,2Championship
11,bigwhit,Season 1 - Event 6,06/24/2025,-19,3,15,889,1,2Championship
32,Nashty,Season 1 - Event 6,06/24/2025,-16,6,8,859,1,2Championship
31,StonyQueso,Season 1 - Event 6,06/24/2025,-15,7,6,849,1,2Championship
17,Murfster,Season 1 - Event 6,06/24/2025,3,8,4,669,1,2Championship
35,bighen,Season 1 - Event 6,06/24/2025,-29,1,25,989,1,3League One
37,Veinreaper,Season 1 - Event 6,06/24/2025,-12,3,15,819,1,3League One
39,bigstinkymop,Season 1 - Event 6,06/24/2025,-25,2,18,949,1,3League One
40,ruggmike,Season 1 - Event 6,06/24/2025,-12,3,15,819,1,3League One
1,GC3,Season 1 - Event 7,06/27/2025,-27,1,25,990,1,1Premier
5,Big Mike,Season 1 - Event 7,06/27/2025,-26,2,18,980,1,1Premier
4,Pretty,Season 1 - Event 7,06/27/2025,-25,3,15,970,1,1Premier
8,Quirkey,Season 1 - Event 7,06/27/2025,-25,3,15,970,1,1Premier
22,OXI,Season 1 - Event 7,06/27/2025,-24,5,10,960,1,1Premier
3,Skoljets,Season 1 - Event 7,06/27/2025,-22,6,8,940,1,1Premier
15,healy,Season 1 - Event 7,06/27/2025,-15,7,6,870,1,1Premier
32,Nashty,Season 1 - Event 7,06/27/2025,-26,1,25,980,1,2Championship
30,MattyIce,Season 1 - Event 7,06/27/2025,-24,2,18,960,1,2Championship
10,Mighty,Season 1 - Event 7,06/27/2025,-22,3,15,940,1,2Championship
17,Murfster,Season 1 - Event 7,06/27/2025,-18,4,12,900,1,2Championship
13,Stikky,Season 1 - Event 7,06/27/2025,-17,5,10,890,1,2Championship
20,Exposed,Season 1 - Event 7,06/27/2025,-16,6,8,880,1,2Championship
31,StonyQueso,Season 1 - Event 7,06/27/2025,-16,6,8,880,1,2Championship
11,bigwhit,Season 1 - Event 7,06/27/2025,-15,8,4,870,1,2Championship
33,Bethany,Season 1 - Event 7,06/27/2025,0,9,2,720,1,2Championship
35,bighen,Season 1 - Event 7,06/27/2025,-26,1,25,980,1,3League One
41,Ray,Season 1 - Event 7,06/27/2025,-21,2,18,930,1,3League One
38,daddywetwork,Season 1 - Event 7,06/27/2025,-18,3,15,900,1,3League One
39,bigstinkymop,Season 1 - Event 7,06/27/2025,-14,4,12,860,1,3League One
42,BurkBockers,Season 1 - Event 7,06/27/2025,-12,5,10,840,1,3League One
40,ruggmike,Season 1 - Event 7,06/27/2025,-4,6,8,760,1,3League One
43,ATURBO,Season 1 - Event 7,06/27/2025,12,7,6,600,1,3League One
1,GC3,Season 1 - Event 8 (Finale),06/30/2025,-27,1,25,993,1,1Premier
3,Skoljets,Season 1 - Event 8 (Finale),06/30/2025,-27,1,25,993,1,1Premier
4,Pretty,Season 1 - Event 8 (Finale),06/30/2025,-25,3,15,973,1,1Premier
22,OXI,Season 1 - Event 8 (Finale),06/30/2025,-22,4,12,943,1,1Premier
5,Big Mike,Season 1 - Event 8 (Finale),06/30/2025,-21,5,10,933,1,1Premier
8,Quirkey,Season 1 - Event 8 (Finale),06/30/2025,-4,6,8,763,1,1Premier
30,MattyIce,Season 1 - Event 8 (Finale),06/30/2025,-22,1,25,943,1,2Championship
31,StonyQueso,Season 1 - Event 8 (Finale),06/30/2025,-13,2,18,853,1,2Championship
17,Murfster,Season 1 - Event 8 (Finale),06/30/2025,-12,3,15,843,1,2Championship
23,micmac,Season 1 - Event 8 (Finale),06/30/2025,-10,4,12,823,1,2Championship
11,bigwhit,Season 1 - Event 8 (Finale),06/30/2025,-10,4,12,823,1,2Championship
13,Stikky,Season 1 - Event 8 (Finale),06/30/2025,-9,6,8,813,1,2Championship
44,ThatMetal1,Season 1 - Event 8 (Finale),06/30/2025,-25,1,25,973,1,3League One
39,bigstinkymop,Season 1 - Event 8 (Finale),06/30/2025,-20,2,18,923,1,3League One
35,bighen,Season 1 - Event 8 (Finale),06/30/2025,-18,3,15,903,1,3League One
47,N1bblyy,Season 1 - Event 8 (Finale),06/30/2025,-18,3,15,903,1,3League One
46,CowboyHippie425,Season 1 - Event 8 (Finale),06/30/2025,-18,3,15,903,1,3League One
42,BurkBockers,Season 1 - Event 8 (Finale),06/30/2025,-15,6,8,873,1,3League One
40,ruggmike,Season 1 - Event 8 (Finale),06/30/2025,-13,7,6,853,1,3League One
45,Tyrantula,Season 1 - Event 8 (Finale),06/30/2025,-11,8,4,833,1,3League One
37,Veinreaper,Season 1 - Event 8 (Finale),06/30/2025,-8,9,2,803,1,3League One
22,OXI,Season 2 - Event 1,07/03/2025,-26,1,25,1020,2,1Premier
3,Skoljets,Season 2 - Event 1,07/03/2025,-24,2,18,1000,2,1Premier
30,MattyIce,Season 2 - Event 1,07/03/2025,-17,3,15,930,2,1Premier
4,Pretty,Season 2 - Event 1,07/03/2025,-16,4,12,920,2,1Premier
15,healy,Season 2 - Event 1,07/03/2025,-15,5,10,910,2,1Premier
32,Nashty,Season 2 - Event 1,07/03/2025,-14,6,8,900,2,1Premier
5,Big Mike,Season 2 - Event 1,07/03/2025,-14,6,8,900,2,1Premier
39,bigstinkymop,Season 2 - Event 1,07/03/2025,-11,8,4,870,2,1Premier
10,Mighty,Season 2 - Event 1,07/03/2025,-10,9,2,860,2,1Premier
17,Murfster,Season 2 - Event 1,07/03/2025,-9,10,1,850,2,1Premier
41,Ray,Season 2 - Event 1,07/03/2025,-22,1,25,980,2,2Championship
19,SammySlips,Season 2 - Event 1,07/03/2025,-22,1,25,980,2,2Championship
47,Niku,Season 2 - Event 1,07/03/2025,-15,3,15,910,2,zzNon-Discord
7,Orangeman,Season 2 - Event 1,07/03/2025,-13,4,12,890,2,2Championship
16,FLUID,Season 2 - Event 1,07/03/2025,-12,5,10,880,2,2Championship
37,Veinreaper,Season 2 - Event 1,07/03/2025,-11,6,8,870,2,2Championship
11,bigwhit,Season 2 - Event 1,07/03/2025,-8,7,6,840,2,2Championship
46,CowboyHippie425,Season 2 - Event 1,07/03/2025,-3,8,4,790,2,2Championship
33,Bethany,Season 2 - Event 1,07/03/2025,7,9,2,690,2,2Championship
48,LEE_HAMMEL,Season 2 - Event 1,07/03/2025,-19,1,25,950,2,3League One
49,Slawdawg,Season 2 - Event 1,07/03/2025,-18,2,18,940,2,3League One
50,KINGMONROE,Season 2 - Event 1,07/03/2025,-12,3,15,880,2,3League One
34,KeeganP21,Season 2 - Event 1,07/03/2025,-23,1,25,990,2,zzNon-Discord
1,GC3,Season 2 - Event 1,07/03/2025,-18,2,18,940,2,zzNon-Discord
42,BurkBockers,Season 2 - Event 1,07/03/2025,-13,3,15,890,2,zzNon-Discord
8,Quirkey,Season 2 - Event 1,07/03/2025,-11,4,12,870,2,zzNon-Discord
40,ruggmike,Season 2 - Event 1,07/03/2025,-9,5,10,850,2,zzNon-Discord
21,Iselus,Season 2 - Event 2,07/06/2025,-34,1,25,980,2,1Premier
22,OXI,Season 2 - Event 2,07/06/2025,-34,1,25,980,2,1Premier
3,Skoljets,Season 2 - Event 2,07/06/2025,-33,3,15,970,2,1Premier
5,Big Mike,Season 2 - Event 2,07/06/2025,-32,4,12,960,2,1Premier
30,MattyIce,Season 2 - Event 2,07/06/2025,-31,5,10,950,2,1Premier
4,Pretty,Season 2 - Event 2,07/06/2025,-27,6,8,910,2,1Premier
39,bigstinkymop,Season 2 - Event 2,07/06/2025,-24,7,6,880,2,1Premier
6,Dailafin,Season 2 - Event 2,07/06/2025,-24,7,6,880,2,1Premier
10,Mighty,Season 2 - Event 2,07/06/2025,-24,7,6,880,2,1Premier
14,FUT1235,Season 2 - Event 2,07/06/2025,-22,10,1,860,2,1Premier
17,Murfster,Season 2 - Event 2,07/06/2025,-22,10,1,860,2,1Premier
15,healy,Season 2 - Event 2,07/06/2025,-12,12,0,760,2,1Premier
16,FLUID,Season 2 - Event 2,07/06/2025,-26,1,25,900,2,2Championship
31,StonyQueso,Season 2 - Event 2,07/06/2025,-23,2,18,870,2,2Championship
37,Veinreaper,Season 2 - Event 2,07/06/2025,-20,3,15,840,2,2Championship
23,micmac,Season 2 - Event 2,07/06/2025,-18,4,12,820,2,2Championship
11,bigwhit,Season 2 - Event 2,07/06/2025,-14,5,10,780,2,2Championship
7,Orangeman,Season 2 - Event 2,07/06/2025,-13,6,8,770,2,2Championship
33,Bethany,Season 2 - Event 2,07/06/2025,-11,7,6,750,2,2Championship
13,Stikky,Season 2 - Event 2,07/06/2025,-7,8,4,710,2,2Championship
53,gazak,Season 2 - Event 2,07/06/2025,-41,1,25,1050,2,3League One
54,AntzBundy,Season 2 - Event 2,07/06/2025,-36,2,18,1000,2,3League One
48,LEE_HAMMEL,Season 2 - Event 2,07/06/2025,-29,3,15,930,2,3League One
50,KINGMONROE,Season 2 - Event 2,07/06/2025,-28,4,12,920,2,3League One
49,Slawdawg,Season 2 - Event 2,07/06/2025,-18,5,10,820,2,3League One
8,Quirkey,Season 2 - Event 2,07/06/2025,-35,1,25,990,2,zzNon-Discord
47,Niku,Season 2 - Event 2,07/06/2025,-28,2,18,920,2,zzNon-Discord
42,BurkBockers,Season 2 - Event 2,07/06/2025,-28,2,18,920,2,zzNon-Discord
40,ruggmike,Season 2 - Event 2,07/06/2025,-25,4,12,890,2,zzNon-Discord
21,Iselus,Season 2 - Event 3,07/09/2025,-36,1,25,1029,2,1Premier
35,bighen,Season 2 - Event 3,07/09/2025,-35,2,18,1019,2,1Premier
3,Skoljets,Season 2 - Event 3,07/09/2025,-32,3,15,989,2,1Premier
22,OXI,Season 2 - Event 3,07/09/2025,-30,4,12,969,2,1Premier
4,Pretty,Season 2 - Event 3,07/09/2025,-27,5,10,939,2,1Premier
30,MattyIce,Season 2 - Event 3,07/09/2025,-26,6,8,929,2,1Premier
15,healy,Season 2 - Event 3,07/09/2025,-26,6,8,929,2,1Premier
32,Nashty,Season 2 - Event 3,07/09/2025,-25,8,4,919,2,1Premier
5,Big Mike,Season 2 - Event 3,07/09/2025,-25,8,4,919,2,1Premier
6,Dailafin,Season 2 - Event 3,07/09/2025,-24,10,1,909,2,1Premier
10,Mighty,Season 2 - Event 3,07/09/2025,-24,10,1,909,2,1Premier
14,FUT1235,Season 2 - Event 3,07/09/2025,-22,12,0,889,2,1Premier
39,bigstinkymop,Season 2 - Event 3,07/09/2025,-19,13,0,859,2,1Premier
17,Murfster,Season 2 - Event 3,07/09/2025,-6,14,0,729,2,1Premier
41,Ray,Season 2 - Event 3,07/09/2025,-33,1,25,999,2,2Championship
29,Jox,Season 2 - Event 3,07/09/2025,-31,2,18,979,2,2Championship
45,Tyrantula,Season 2 - Event 3,07/09/2025,-26,3,15,929,2,2Championship
16,FLUID,Season 2 - Event 3,07/09/2025,-24,4,12,909,2,2Championship
20,Exposed,Season 2 - Event 3,07/09/2025,-21,5,10,879,2,2Championship
37,Veinreaper,Season 2 - Event 3,07/09/2025,-21,5,10,879,2,2Championship
7,Orangeman,Season 2 - Event 3,07/09/2025,-18,7,6,849,2,2Championship
13,Stikky,Season 2 - Event 3,07/09/2025,-18,7,6,849,2,2Championship
11,bigwhit,Season 2 - Event 3,07/09/2025,-15,9,2,819,2,2Championship
33,Bethany,Season 2 - Event 3,07/09/2025,-14,10,1,809,2,2Championship
43,ATURBO,Season 2 - Event 3,07/09/2025,10,11,0,569,2,2Championship
46,CowboyHippie425,Season 2 - Event 3,07/09/2025,14,12,0,529,2,2Championship
53,gazak,Season 2 - Event 3,07/09/2025,-36,1,25,1029,2,3League One
54,AntzBundy,Season 2 - Event 3,07/09/2025,-30,2,18,969,2,3League One
57,Don,Season 2 - Event 3,07/09/2025,-28,3,15,949,2,3League One
51,Dawgpound,Season 2 - Event 3,07/09/2025,-27,4,12,939,2,3League One
56,RealScottyB,Season 2 - Event 3,07/09/2025,-27,4,12,939,2,3League One
50,KINGMONROE,Season 2 - Event 3,07/09/2025,-26,6,8,929,2,3League One
55,NotoriousHig,Season 2 - Event 3,07/09/2025,-26,6,8,929,2,3League One
48,LEE_HAMMEL,Season 2 - Event 3,07/09/2025,-24,8,4,909,2,3League One
49,Slawdawg,Season 2 - Event 3,07/09/2025,-18,9,2,849,2,3League One
52,zillaglows,Season 2 - Event 3,07/09/2025,-15,10,1,819,2,3League One
42,BurkBockers,Season 2 - Event 3,07/09/2025,-25,1,25,919,2,zzNon-Discord
47,Niku,Season 2 - Event 3,07/09/2025,-17,2,18,839,2,zzNon-Discord
40,ruggmike,Season 2 - Event 3,07/09/2025,-17,2,18,839,2,zzNon-Discord
2,Punchshot,Season 2 - Event 4,07/12/2025,-37,1,25,1027,2,1Premier
3,Skoljets,Season 2 - Event 4,07/12/2025,-34,2,18,997,2,1Premier
35,bighen,Season 2 - Event 4,07/12/2025,-32,3,15,977,2,1Premier
4,Pretty,Season 2 - Event 4,07/12/2025,-31,4,12,967,2,1Premier
39,bigstinkymop,Season 2 - Event 4,07/12/2025,-30,5,10,957,2,1Premier
22,OXI,Season 2 - Event 4,07/12/2025,-29,6,8,947,2,1Premier
15,healy,Season 2 - Event 4,07/12/2025,-29,6,8,947,2,1Premier
5,Big Mike,Season 2 - Event 4,07/12/2025,-28,8,4,937,2,1Premier
30,MattyIce,Season 2 - Event 4,07/12/2025,-28,8,4,937,2,1Premier
32,Nashty,Season 2 - Event 4,07/12/2025,-27,10,1,927,2,1Premier
10,Mighty,Season 2 - Event 4,07/12/2025,-23,11,0,887,2,1Premier
17,Murfster,Season 2 - Event 4,07/12/2025,-18,12,0,837,2,1Premier
14,FUT1235,Season 2 - Event 4,07/12/2025,-15,13,0,807,2,1Premier
41,Ray,Season 2 - Event 4,07/12/2025,-33,1,25,987,2,2Championship
29,Jox,Season 2 - Event 4,07/12/2025,-33,1,25,987,2,2Championship
45,Tyrantula,Season 2 - Event 4,07/12/2025,-30,3,15,957,2,2Championship
13,Stikky,Season 2 - Event 4,07/12/2025,-25,4,12,907,2,2Championship
16,FLUID,Season 2 - Event 4,07/12/2025,-23,5,10,887,2,2Championship
7,Orangeman,Season 2 - Event 4,07/12/2025,-22,6,8,877,2,2Championship
20,Exposed,Season 2 - Event 4,07/12/2025,-20,7,6,857,2,2Championship
33,Bethany,Season 2 - Event 4,07/12/2025,-16,8,4,817,2,2Championship
46,CowboyHippie425,Season 2 - Event 4,07/12/2025,-15,9,2,807,2,2Championship
11,bigwhit,Season 2 - Event 4,07/12/2025,-11,10,1,767,2,2Championship
53,gazak,Season 2 - Event 4,07/12/2025,-36,1,25,1017,2,3League One
54,AntzBundy,Season 2 - Event 4,07/12/2025,-36,1,25,1017,2,3League One
48,LEE_HAMMEL,Season 2 - Event 4,07/12/2025,-33,3,15,987,2,3League One
57,Don,Season 2 - Event 4,07/12/2025,-24,4,12,897,2,3League One
55,NotoriousHig,Season 2 - Event 4,07/12/2025,-23,5,10,887,2,3League One
49,Slawdawg,Season 2 - Event 4,07/12/2025,-21,6,8,867,2,3League One
56,RealScottyB,Season 2 - Event 4,07/12/2025,-20,7,6,857,2,3League One
50,KINGMONROE,Season 2 - Event 4,07/12/2025,-18,8,4,837,2,3League One
59,Submarine,Season 2 - Event 4,07/12/2025,-33,1,25,987,2,zzNon-Discord
42,BurkBockers,Season 2 - Event 4,07/12/2025,-21,2,18,867,2,zzNon-Discord
40,ruggmike,Season 2 - Event 4,07/12/2025,-17,3,15,827,2,zzNon-Discord
38,daddywetwork,Season 2 - Event 4,07/12/2025,-8,4,12,737,2,zzNon-Discord
5,Big Mike,Season 2 - Event 5,07/15/2025,-31,1,25,997,2,1Premier
30,MattyIce,Season 2 - Event 5,07/15/2025,-30,2,18,987,2,1Premier
2,Punchshot,Season 2 - Event 5,07/15/2025,-29,3,15,977,2,1Premier
6,Dailafin,Season 2 - Event 5,07/15/2025,-28,4,12,967,2,1Premier
35,bighen,Season 2 - Event 5,07/15/2025,-28,4,12,967,2,1Premier
32,Nashty,Season 2 - Event 5,07/15/2025,-27,6,8,957,2,1Premier
3,Skoljets,Season 2 - Event 5,07/15/2025,-26,7,6,947,2,1Premier
4,Pretty,Season 2 - Event 5,07/15/2025,-25,8,4,937,2,1Premier
10,Mighty,Season 2 - Event 5,07/15/2025,-22,9,2,907,2,1Premier
14,FUT1235,Season 2 - Event 5,07/15/2025,-22,9,2,907,2,1Premier
39,bigstinkymop,Season 2 - Event 5,07/15/2025,-19,11,0,877,2,1Premier
15,healy,Season 2 - Event 5,07/15/2025,-18,12,0,867,2,1Premier
17,Murfster,Season 2 - Event 5,07/15/2025,-17,13,0,857,2,1Premier
41,Ray,Season 2 - Event 5,07/15/2025,-32,1,25,1007,2,2Championship
45,Tyrantula,Season 2 - Event 5,07/15/2025,-30,2,18,987,2,2Championship
29,Jox,Season 2 - Event 5,07/15/2025,-28,3,15,967,2,2Championship
16,FLUID,Season 2 - Event 5,07/15/2025,-20,4,12,887,2,2Championship
11,bigwhit,Season 2 - Event 5,07/15/2025,-19,5,10,877,2,2Championship
7,Orangeman,Season 2 - Event 5,07/15/2025,-17,6,8,857,2,2Championship
33,Bethany,Season 2 - Event 5,07/15/2025,-17,6,8,857,2,2Championship
46,CowboyHippie425,Season 2 - Event 5,07/15/2025,-17,6,8,857,2,2Championship
13,Stikky,Season 2 - Event 5,07/15/2025,-11,9,2,797,2,2Championship
20,Exposed,Season 2 - Event 5,07/15/2025,-10,10,1,787,2,2Championship
43,ATURBO,Season 2 - Event 5,07/15/2025,15,11,0,537,2,2Championship
53,gazak,Season 2 - Event 5,07/15/2025,-36,1,25,1047,2,3League One
54,AntzBundy,Season 2 - Event 5,07/15/2025,-31,2,18,997,2,3League One
57,Don,Season 2 - Event 5,07/15/2025,-30,3,15,987,2,3League One
48,LEE_HAMMEL,Season 2 - Event 5,07/15/2025,-27,4,12,957,2,3League One
51,Dawgpound,Season 2 - Event 5,07/15/2025,-23,5,10,917,2,3League One
50,KINGMONROE,Season 2 - Event 5,07/15/2025,-19,6,8,877,2,3League One
60,Fishknuckle,Season 2 - Event 5,07/15/2025,-19,6,8,877,2,3League One
61,James,Season 2 - Event 5,07/15/2025,-18,8,4,867,2,3League One
49,Slawdawg,Season 2 - Event 5,07/15/2025,-15,9,2,837,2,3League One
56,RealScottyB,Season 2 - Event 5,07/15/2025,-12,10,1,807,2,3League One
58,FlexxBigShick,Season 2 - Event 5,07/15/2025,1,11,0,677,2,3League One
40,ruggmike,Season 2 - Event 5,07/15/2025,-25,1,25,937,2,zzNon-Discord
42,BurkBockers,Season 2 - Event 5,07/15/2025,-18,2,18,867,2,zzNon-Discord
38,daddywetwork,Season 2 - Event 5,07/15/2025,-11,3,15,797,2,zzNon-Discord
2,Punchshot,Season 2 - Event 6,07/18/2025,-39,1,25,1038,2,1Premier
21,Iselus,Season 2 - Event 6,07/18/2025,-34,2,18,988,2,1Premier
35,bighen,Season 2 - Event 6,07/18/2025,-31,3,15,958,2,1Premier
5,Big Mike,Season 2 - Event 6,07/18/2025,-29,4,12,938,2,1Premier
30,MattyIce,Season 2 - Event 6,07/18/2025,-29,4,12,938,2,1Premier
10,Mighty,Season 2 - Event 6,07/18/2025,-29,4,12,938,2,1Premier
4,Pretty,Season 2 - Event 6,07/18/2025,-26,7,6,908,2,1Premier
3,Skoljets,Season 2 - Event 6,07/18/2025,-25,8,4,898,2,1Premier
15,healy,Season 2 - Event 6,07/18/2025,-25,8,4,898,2,1Premier
6,Dailafin,Season 2 - Event 6,07/18/2025,-24,10,1,888,2,1Premier
39,bigstinkymop,Season 2 - Event 6,07/18/2025,-24,10,1,888,2,1Premier
14,FUT1235,Season 2 - Event 6,07/18/2025,-19,12,0,838,2,1Premier
17,Murfster,Season 2 - Event 6,07/18/2025,-17,13,0,818,2,1Premier
29,Jox,Season 2 - Event 6,07/18/2025,-31,1,25,958,2,2Championship
41,Ray,Season 2 - Event 6,07/18/2025,-30,2,18,948,2,2Championship
31,StonyQueso,Season 2 - Event 6,07/18/2025,-26,3,15,908,2,2Championship
16,FLUID,Season 2 - Event 6,07/18/2025,-25,4,12,898,2,2Championship
45,Tyrantula,Season 2 - Event 6,07/18/2025,-23,5,10,878,2,2Championship
7,Orangeman,Season 2 - Event 6,07/18/2025,-22,6,8,868,2,2Championship
33,Bethany,Season 2 - Event 6,07/18/2025,-22,6,8,868,2,2Championship
23,micmac,Season 2 - Event 6,07/18/2025,-18,8,4,828,2,2Championship
37,Veinreaper,Season 2 - Event 6,07/18/2025,-17,9,2,818,2,2Championship
13,Stikky,Season 2 - Event 6,07/18/2025,-15,10,1,798,2,2Championship
11,bigwhit,Season 2 - Event 6,07/18/2025,-13,11,0,778,2,2Championship
53,gazak,Season 2 - Event 6,07/18/2025,-39,1,25,1038,2,3League One
48,LEE_HAMMEL,Season 2 - Event 6,07/18/2025,-34,2,18,988,2,3League One
51,Dawgpound,Season 2 - Event 6,07/18/2025,-33,3,15,978,2,3League One
54,AntzBundy,Season 2 - Event 6,07/18/2025,-31,4,12,958,2,3League One
50,KINGMONROE,Season 2 - Event 6,07/18/2025,-28,5,10,928,2,3League One
56,RealScottyB,Season 2 - Event 6,07/18/2025,-27,6,8,918,2,3League One
60,Fishknuckle,Season 2 - Event 6,07/18/2025,-25,8,4,898,2,3League One
61,James,Season 2 - Event 6,07/18/2025,-25,8,4,898,2,3League One
52,zillaglows,Season 2 - Event 6,07/18/2025,-25,8,4,898,2,3League One
49,Slawdawg,Season 2 - Event 6,07/18/2025,-23,11,0,878,2,3League One
57,Don,Season 2 - Event 6,07/18/2025,-20,12,0,848,2,3League One
62,Lazer,Season 2 - Event 6,07/18/2025,-20,12,0,848,2,3League One
58,FlexxBigShick,Season 2 - Event 6,07/18/2025,-17,14,0,818,2,3League One
40,ruggmike,Season 2 - Event 6,07/18/2025,-22,1,25,868,2,zzNon-Discord
38,daddywetwork,Season 2 - Event 6,07/18/2025,-11,2,18,758,2,zzNon-Discord
44,ThatMetal1,Season 2 - Event 7,07/21/2025,-37,1,25,1023,2,1Premier
21,Iselus,Season 2 - Event 7,07/21/2025,-36,2,18,1013,2,1Premier
5,Big Mike,Season 2 - Event 7,07/21/2025,-33,3,15,983,2,1Premier
4,Pretty,Season 2 - Event 7,07/21/2025,-32,4,12,973,2,1Premier
3,Skoljets,Season 2 - Event 7,07/21/2025,-31,5,10,963,2,1Premier
10,Mighty,Season 2 - Event 7,07/21/2025,-31,5,10,963,2,1Premier
30,MattyIce,Season 2 - Event 7,07/21/2025,-30,7,6,953,2,1Premier
32,Nashty,Season 2 - Event 7,07/21/2025,-30,7,6,953,2,1Premier
39,bigstinkymop,Season 2 - Event 7,07/21/2025,-29,9,2,943,2,1Premier
6,Dailafin,Season 2 - Event 7,07/21/2025,-24,10,1,893,2,1Premier
14,FUT1235,Season 2 - Event 7,07/21/2025,-22,11,0,873,2,1Premier
15,healy,Season 2 - Event 7,07/21/2025,-20,12,0,853,2,1Premier
17,Murfster,Season 2 - Event 7,07/21/2025,-20,12,0,853,2,1Premier
45,Tyrantula,Season 2 - Event 7,07/21/2025,-32,1,25,973,2,2Championship
29,Jox,Season 2 - Event 7,07/21/2025,-26,2,18,913,2,2Championship
41,Ray,Season 2 - Event 7,07/21/2025,-26,2,18,913,2,2Championship
7,Orangeman,Season 2 - Event 7,07/21/2025,-24,4,12,893,2,2Championship
23,micmac,Season 2 - Event 7,07/21/2025,-24,4,12,893,2,2Championship
31,StonyQueso,Season 2 - Event 7,07/21/2025,-24,4,12,893,2,2Championship
20,Exposed,Season 2 - Event 7,07/21/2025,-22,7,6,873,2,2Championship
16,FLUID,Season 2 - Event 7,07/21/2025,-21,8,4,863,2,2Championship
13,Stikky,Season 2 - Event 7,07/21/2025,-17,9,2,823,2,2Championship
11,bigwhit,Season 2 - Event 7,07/21/2025,-15,10,1,803,2,2Championship
33,Bethany,Season 2 - Event 7,07/21/2025,-14,11,0,793,2,2Championship
53,gazak,Season 2 - Event 7,07/21/2025,-39,1,25,1043,2,3League One
54,AntzBundy,Season 2 - Event 7,07/21/2025,-36,2,18,1013,2,3League One
49,Slawdawg,Season 2 - Event 7,07/21/2025,-28,3,15,933,2,3League One
48,LEE_HAMMEL,Season 2 - Event 7,07/21/2025,-27,4,12,923,2,3League One
50,KINGMONROE,Season 2 - Event 7,07/21/2025,-25,5,10,903,2,3League One
60,Fishknuckle,Season 2 - Event 7,07/21/2025,-25,5,10,903,2,3League One
51,Dawgpound,Season 2 - Event 7,07/21/2025,-25,5,10,903,2,3League One
56,RealScottyB,Season 2 - Event 7,07/21/2025,-20,8,4,853,2,3League One
55,NotoriousHig,Season 2 - Event 7,07/21/2025,-19,9,2,843,2,3League One
58,FlexxBigShick,Season 2 - Event 7,07/21/2025,-13,10,1,783,2,3League One
63,Up2Late_88,Season 2 - Event 7,07/21/2025,-13,10,1,783,2,3League One
52,zillaglows,Season 2 - Event 7,07/21/2025,-8,12,0,733,2,3League One
40,ruggmike,Season 2 - Event 7,07/21/2025,-21,1,25,863,2,zzNon-Discord
38,daddywetwork,Season 2 - Event 7,07/21/2025,-13,2,18,783,2,zzNon-Discord
35,bighen,Season 2 - Event 8,07/24/2025,-35,1,25,984,2,1Premier
5,Big Mike,Season 2 - Event 8,07/24/2025,-32,2,18,954,2,1Premier
15,healy,Season 2 - Event 8,07/24/2025,-32,2,18,954,2,1Premier
44,ThatMetal1,Season 2 - Event 8,07/24/2025,-30,4,12,934,2,1Premier
32,Nashty,Season 2 - Event 8,07/24/2025,-30,4,12,934,2,1Premier
4,Pretty,Season 2 - Event 8,07/24/2025,-29,6,8,924,2,1Premier
3,Skoljets,Season 2 - Event 8,07/24/2025,-29,6,8,924,2,1Premier
39,bigstinkymop,Season 2 - Event 8,07/24/2025,-29,6,8,924,2,1Premier
14,FUT1235,Season 2 - Event 8,07/24/2025,-29,6,8,924,2,1Premier
30,MattyIce,Season 2 - Event 8,07/24/2025,-23,10,1,864,2,1Premier
17,Murfster,Season 2 - Event 8,07/24/2025,-21,11,0,844,2,1Premier
29,Jox,Season 2 - Event 8,07/24/2025,-35,1,25,984,2,2Championship
45,Tyrantula,Season 2 - Event 8,07/24/2025,-33,2,18,964,2,2Championship
7,Orangeman,Season 2 - Event 8,07/24/2025,-28,3,15,914,2,2Championship
31,StonyQueso,Season 2 - Event 8,07/24/2025,-28,3,15,914,2,2Championship
23,micmac,Season 2 - Event 8,07/24/2025,-26,5,10,894,2,2Championship
41,Ray,Season 2 - Event 8,07/24/2025,-25,6,8,884,2,2Championship
13,Stikky,Season 2 - Event 8,07/24/2025,-23,7,6,864,2,2Championship
16,FLUID,Season 2 - Event 8,07/24/2025,-19,8,4,824,2,2Championship
33,Bethany,Season 2 - Event 8,07/24/2025,-16,9,2,794,2,2Championship
43,ATURBO,Season 2 - Event 8,07/24/2025,-4,10,1,674,2,2Championship
53,gazak,Season 2 - Event 8,07/24/2025,-39,1,25,1024,2,3League One
55,NotoriousHig,Season 2 - Event 8,07/24/2025,-24,2,18,874,2,3League One
50,KINGMONROE,Season 2 - Event 8,07/24/2025,-23,3,15,864,2,3League One
52,zillaglows,Season 2 - Event 8,07/24/2025,-23,3,15,864,2,3League One
49,Slawdawg,Season 2 - Event 8,07/24/2025,-22,5,10,854,2,3League One
60,Fishknuckle,Season 2 - Event 8,07/24/2025,-19,6,8,824,2,3League One
58,FlexxBigShick,Season 2 - Event 8,07/24/2025,-15,7,6,784,2,3League One
59,Submarine,Season 2 - Event 8,07/24/2025,-34,1,25,974,2,zzNon-Discord
42,BurkBockers,Season 2 - Event 8,07/24/2025,-20,2,18,834,2,zzNon-Discord
40,ruggmike,Season 2 - Event 8,07/24/2025,-19,3,15,824,2,zzNon-Discord
53,gazak,Season 3 - Event 1,07/31/2025,-42,1,25,1056,3,1Premier
2,Punchshot,Season 3 - Event 1,07/31/2025,-37,2,18,1006,3,1Premier
3,Skoljets,Season 3 - Event 1,07/31/2025,-36,3,15,996,3,1Premier
35,bighen,Season 3 - Event 1,07/31/2025,-35,4,12,986,3,1Premier
41,Ray,Season 3 - Event 1,07/31/2025,-35,4,12,986,3,1Premier
54,AntzBundy,Season 3 - Event 1,07/31/2025,-32,6,8,956,3,1Premier
15,healy,Season 3 - Event 1,07/31/2025,-32,7,6,956,3,1Premier
5,Big Mike,Season 3 - Event 1,07/31/2025,-31,8,4,946,3,1Premier
48,LEE_HAMMEL,Season 3 - Event 1,07/31/2025,-30,9,2,936,3,1Premier
4,Pretty,Season 3 - Event 1,07/31/2025,-27,10,1,906,3,1Premier
30,MattyIce,Season 3 - Event 1,07/31/2025,-26,11,0,896,3,1Premier
29,Jox,Season 3 - Event 1,07/31/2025,-24,12,0,876,3,1Premier
44,ThatMetal1,Season 3 - Event 1,07/31/2025,-35,1,25,986,3,2Championship
6,Dailafin,Season 3 - Event 1,07/31/2025,-32,2,18,956,3,2Championship
10,Mighty,Season 3 - Event 1,07/31/2025,-31,3,15,946,3,2Championship
50,KINGMONROE,Season 3 - Event 1,07/31/2025,-31,3,15,946,3,2Championship
14,FUT1235,Season 3 - Event 1,07/31/2025,-30,5,10,936,3,2Championship
31,StonyQueso,Season 3 - Event 1,07/31/2025,-29,6,8,926,3,2Championship
51,Dawgpound,Season 3 - Event 1,07/31/2025,-27,7,6,906,3,2Championship
16,FLUID,Season 3 - Event 1,07/31/2025,-24,8,4,876,3,2Championship
17,Murfster,Season 3 - Event 1,07/31/2025,-22,9,2,856,3,2Championship
7,Orangeman,Season 3 - Event 1,07/31/2025,-19,10,1,826,3,2Championship
13,Stikky,Season 3 - Event 1,07/31/2025,-19,10,1,826,3,2Championship
23,micmac,Season 3 - Event 1,07/31/2025,-17,12,0,806,3,2Championship
49,Slawdawg,Season 3 - Event 1,07/31/2025,-15,13,0,786,3,2Championship
37,Veinreaper,Season 3 - Event 1,07/31/2025,-14,14,0,776,3,2Championship
33,Bethany,Season 3 - Event 1,07/31/2025,-13,15,0,766,3,2Championship
62,Lazer,Season 3 - Event 1,07/31/2025,-29,1,25,926,3,3League One
60,Fishknuckle,Season 3 - Event 1,07/31/2025,-26,2,18,896,3,3League One
57,Don,Season 3 - Event 1,07/31/2025,-25,3,15,886,3,3League One
20,Exposed,Season 3 - Event 1,07/31/2025,-24,4,12,876,3,3League One
55,NotoriousHig,Season 3 - Event 1,07/31/2025,-23,5,10,866,3,3League One
52,zillaglows,Season 3 - Event 1,07/31/2025,-23,5,10,866,3,3League One
56,RealScottyB,Season 3 - Event 1,07/31/2025,-16,7,6,796,3,3League One
11,bigwhit,Season 3 - Event 1,07/31/2025,-16,7,6,796,3,3League One
63,Up2Late_88,Season 3 - Event 1,07/31/2025,-16,7,6,796,3,3League One
58,FlexxBigShick,Season 3 - Event 1,07/31/2025,-13,10,1,766,3,3League One
46,CowboyHippie425,Season 3 - Event 1,07/31/2025,-12,11,0,756,3,3League One
43,ATURBO,Season 3 - Event 1,07/31/2025,-3,12,0,666,3,3League One
67,Supersonic,Season 3 - Event 1,07/31/2025,-30,1,25,936,3,yyChallenger
65,MScarn,Season 3 - Event 1,07/31/2025,-29,2,18,926,3,yyChallenger
66,BARTICUS,Season 3 - Event 1,07/31/2025,-24,3,15,876,3,yyChallenger
59,Submarine,Season 3 - Event 1,07/31/2025,-33,1,25,966,3,zzNon-Discord
40,ruggmike,Season 3 - Event 1,07/31/2025,-19,2,18,826,3,zzNon-Discord